itemId,category,name,rating,originalRating,reviewTitle,reviewContent,likeCount,upVotes,downVotes,helpful,relevanceScore,boughtDate,clientType,retrievedDate
100002528,beli-harddisk-eksternal,Kamal U.,5,,null,bagus mantap dah sesui pesanan,0,0,0,1,26.51,9-Apr-19,androidApp,10/2/2019
100002528,beli-harddisk-eksternal,yofanca m.,4,,null,"Bagus, sesuai foto",0,0,0,1,22.49,24-Sep-17,androidApp,10/2/2019
100002528,beli-harddisk-eksternal,Lazada Customer,5,,ok mantaaapppp barang sesuai pesanan.. good,okkkkk mantaaaaaaapppp ... goood,0,0,0,1,21.5,4-Apr-18,androidApp,10/2/2019
100002528,beli-harddisk-eksternal,Lazada Customer,4,,,bagus sesuai,0,0,0,1,20.51,22-Sep-17,androidApp,10/2/2019
100002528,beli-harddisk-eksternal,Yosep M.,5,,null,null,0,0,0,1,16.01,17 Agu 2018,androidApp,10/2/2019
100002528,beli-harddisk-eksternal,Deden,5,,null,null,0,0,0,1,16.01,2-Nov-17,androidApp,10/2/2019
100002528,beli-harddisk-eksternal,Yeana,5,,null,null,0,0,0,1,13.01,25-Sep-17,mobile,10/2/2019
100002528,beli-harddisk-eksternal,nurfarida,1,,ada pengirimn ntb bima,bima,4,4,0,1,7.22,,androidApp,10/2/2019
100003785,beli-harddisk-eksternal,Fadjar B.,1,,,baru 10 bulan layarnya dah bergaris,0,0,0,1,21.49,6-Apr-17,androidApp,10/2/2019
100003785,beli-harddisk-eksternal,agung p.,5,,Barang bagus sesuai specs,"Pesan rabu sore,minggu sore sampe,,barang sesuai specs mantab,tks lazada",0,0,0,1,19.5,1-Mar-17,mobile,10/2/2019
100003785,beli-harddisk-eksternal,Hendra W.,5,,null,null,0,0,0,1,18,5-Jan-18,androidApp,10/2/2019
100004132,beli-harddisk-eksternal,Lazada Guest,1,,Ini cicil pake apa?,"Mau tanya ini cicilnya pake apa ya,cc bkn?",7,7,0,1,14.88,,androidApp,10/2/2019
100004132,beli-harddisk-eksternal,Yan M.,5,,Beli cash sesuai Harga di atas,Apakah TV. Tsb. Suda ada anti gores..,1,1,0,1,13.01,,mobile-app,10/2/2019
100004505,beli-harddisk-eksternal,Andry M.,1,,Pesanan tidak tepat waktu,Pengirim barang tidak sesuai janji. Katanya express 1 hari. Dari hari jumat barang sampai hari rabu. SeMoga barangnya awet saja.,1,1,0,1,31.51,18 Mei 2018,mobile,10/2/2019
100004505,beli-harddisk-eksternal,Leonard,4,,TV ok,Kualitas ok,1,1,0,1,22.88,2-Jun-17,desktop,10/2/2019
100004505,beli-harddisk-eksternal,Lazada Guest,1,,Cara mendapatkan garansi,"Bagaimana tv LED saya merek Sharp 24 hitam LC 24LE170i sekarang mati total baru 2 bln kemana saya harus menghubungi dan meminta bantuan mohon kebijakan dan solusinya ,, so,alnya masih garansi kepada pihak lazada saya mohon bantuannya terimakasih!!!",14,14,0,1,22.67,,mobile-app,10/2/2019
100004505,beli-harddisk-eksternal,Bun D.,3,,null,Pengiriman super lama.. tapi datang juga sich,0,0,0,1,22.49,22-Jul-18,iosApp,10/2/2019
100004505,beli-harddisk-eksternal,Fadoli,5,,"Sharp HD LED TV 24"" - LC-24LE175I - Hitam",ok barang sampai dengan Baik.. smoga terus di pertahankan...,0,0,0,1,21.51,18-Apr-18,desktop,10/2/2019
100004505,beli-harddisk-eksternal,Akun K.,5,,null,null,0,0,0,1,14.99,21 Agu 2018,androidApp,10/2/2019
100004505,beli-harddisk-eksternal,rina,3,,pengiriman nya laaamaaaaa,null,0,0,0,1,14.99,29-Jul-18,desktop,10/2/2019
100004505,beli-harddisk-eksternal,Ega,5,,barangnya sangat bagus. dan cepat juga. thank you lazada,null,0,0,0,1,14.47,10-Apr-18,androidApp,10/2/2019
100004505,beli-harddisk-eksternal,Lazada Guest,5,,Menanyakn cara ciciln,Kalau mau cicilan gmna cra nya??,5,5,0,1,14.35,,mobile-app,10/2/2019
100004505,beli-harddisk-eksternal,Fitriyansah E.,5,,Lima Bintang,barang sudah sampai dan bagus thanks lazada,2,2,0,1,13.3,,mobile-app,10/2/2019
100004505,beli-harddisk-eksternal,Lazada Guest,5,,Bagusss,Pengiriman cepat sipplahhh.......,5,5,2,1,12.73,,mobile,10/2/2019
100005037,beli-harddisk-eksternal,Lazada Customer,5,,null,Sampe Sekarang masih Ok ne laptop...,0,0,0,1,24.51,2-Jan-17,androidApp,10/2/2019
100006860,beli-harddisk-eksternal,DEUIS S.,5,,null,null,0,0,0,1,16.01,23-Mar-17,androidApp,10/2/2019
100006860,beli-harddisk-eksternal,Garna T.,3,,null,null,0,0,0,1,14.99,05 Des 2016,desktop,10/2/2019
100006860,beli-harddisk-eksternal,Muhammad R.,5,,null,null,0,0,0,1,13.01,11 Mei 2017,androidApp,10/2/2019
100006860,beli-harddisk-eksternal,Aushaf,5,,null,null,0,0,0,1,13.01,29-Jun-17,desktop,10/2/2019
100006860,beli-harddisk-eksternal,Lazada Guest,5,,Good,Pengiriman cepat.. Packaging good.. Barang oke. Thnks seller Thnks Lazada,0,0,0,1,9.98,,mobile,10/2/2019
100007498,beli-harddisk-eksternal,Amarullah,5,,Good job,"Barang diterima dengan selamat.. Produk sesuai dengan deskripsi.. Barang nyape 3 hari ke pekanbaru,riau.. Terimakasih lazada dan kotakom pucang, laptopnya mantap..",0,0,0,1,26.98,11-Nov-16,mobile,10/2/2019
100007498,beli-harddisk-eksternal,Hanurawan H.,5,,null,null,0,0,0,1,13.01,15-Nov-16,desktop,10/2/2019
100010722,beli-harddisk-eksternal,Dwi,5,,TOP,"Senang belanja disini,pelayanan oke,barang sesuai ekspektasi..order senin hari selasa malam udah nyampe + di settingin sxan sama kurirnya...pokoknya top deh..thanks Lazada",1,1,0,1,30.51,13-Nov-17,androidApp,10/2/2019
100010722,beli-harddisk-eksternal,Rosalina S.,4,,null,belum test barangnya,0,0,0,1,22.49,23 Agu 2018,androidApp,10/2/2019
100010722,beli-harddisk-eksternal,Wan D.,1,,Cape deh!,Sudah cape2 transfer tapi pesanan ditolak,0,0,0,1,20.51,17-Jan-18,androidApp,10/2/2019
100010722,beli-harddisk-eksternal,rusmana,5,,null,null,0,0,0,1,19.01,28-Apr-19,androidApp,10/2/2019
100010722,beli-harddisk-eksternal,Lazada Customer,3,,null,null,0,0,0,1,18.66,12-Feb-19,androidApp,10/2/2019
100010722,beli-harddisk-eksternal,dini w.,5,,"bagus saya suka, no tipu2...terbaik emangggggggüëç",null,2,2,0,1,17.34,30 Des 2017,androidApp,10/2/2019
100010722,beli-harddisk-eksternal,dwi H.,5,,null,null,0,0,0,1,16,6-Sep-18,androidApp,10/2/2019
100010722,beli-harddisk-eksternal,HARYATI,5,,harga bersahabat...kwalitas ok,null,0,0,0,1,14.99,6-Jul-18,androidApp,10/2/2019
100010722,beli-harddisk-eksternal,firman S.,4,,null,null,0,0,0,1,14.99,25-Apr-18,androidApp,10/2/2019
100010722,beli-harddisk-eksternal,nirmala O.,4,,null,null,0,0,0,1,14.01,16 Mei 2018,androidApp,10/2/2019
100010745,beli-harddisk-eksternal,Anggun W.,5,,Lima Bintang,"Barang Ok, kualitas bagus dengan harga yg cukup miring, kualitas gambar juga ok, pengiriman lumayan, ga nyesel pokonya beli TV ini",3,3,0,1,30.75,25-Nov-16,mobile-app,10/2/2019
100010745,beli-harddisk-eksternal,Fathin,5,,Ke Gresik bisa gak ya..???,Saya minat tapi kalau dikirim ke Gresik Jawa Timur bisa gak? Klo dr info pengiriman bebas tapi takut gk sampai.. Dan tanya apa ini sdh full HD apa blm? Terima kasih,31,31,0,1,21.84,,androidApp,10/2/2019
100010745,beli-harddisk-eksternal,dendi i.,5,,null,null,0,0,0,1,14,2-Sep-17,androidApp,10/2/2019
100010745,beli-harddisk-eksternal,Eti A.,4,,Cilegon bisa nggak??,Pengn tivinya,1,1,0,1,13,,androidApp,10/2/2019
100010745,beli-harddisk-eksternal,paramitha a.,5,,Lima Bintang,,0,0,0,1,12,24 Des 2016,mobile-app,10/2/2019
100010745,beli-harddisk-eksternal,Lazada Guest,5,,puasss,Mantapppp barang nya,0,0,0,1,9.6,,mobile,10/2/2019
100010745,beli-harddisk-eksternal,Lazada Guest,3,,puassss,Barang mulusss mantapppppp,0,0,0,1,9.6,,mobile,10/2/2019
100015720,beli-harddisk-eksternal,Risa K.,5,,null,null,0,0,0,1,19.58,09 Des 2016,androidApp,10/2/2019
100015720,beli-harddisk-eksternal,Fuady S.,1,,Spesifikasi utama terdapat intel core i5,"Laptop ini memiliki spesifikasi yang bagus dan harga yang terjangkau, namun pada tab spesifikasi utama produk itu emang intel core i5 atau salah buat? Di judul dikatakan core i7",1,1,0,1,19.5,,mobile,10/2/2019
100015720,beli-harddisk-eksternal,Ramadhana,5,,"Bagus, diterima dengan aman.","Barang sampai dengan aman. Kemampuan laptop sesuai dengan yang di iklankan. Hanya saja, laptop datang dengan DOS sehingga harus di install sendiri windows nya. Overall, it's worth the money.",0,0,0,1,17.11,,mobile-app,10/2/2019
100015720,beli-harddisk-eksternal,Jendra,5,,Bagus,Barang sampai 2 hari dengan selamat dan sesuai deskripsi,2,2,0,1,12.95,,androidApp,10/2/2019
100015720,beli-harddisk-eksternal,Ade P.,5,,Produk bagus,Harga sangat murah mantep banget,2,2,0,1,12.94,,mobile-app,10/2/2019
100015720,beli-harddisk-eksternal,Lazada Guest,3,,Entah benar atau enga,Murah banget itu enga salah kasih harga tau2 nati salah kasi info barang nya,1,1,1,1,11.17,,mobile-app,10/2/2019
100015720,beli-harddisk-eksternal,Lazada Guest,1,,Barang udah sampai,Barang udah sampai tapi pas dinyalain g bisa. Gmn pertanggung jawaban lazada?,0,0,1,1,9.61,,desktop,10/2/2019
100015720,beli-harddisk-eksternal,yusuf,5,,Yang bener yang mana? I5 apa i7??,,1,1,0,1,4.59,,mobile-app,10/2/2019
100024235,beli-harddisk-eksternal,Wulandary,5,,null,null,0,0,0,1,14.99,14 Agu 2018,androidApp,10/2/2019
100024235,beli-harddisk-eksternal,Lazada Guest,4,,Cicilan,Klo dp1jt tanpa kartu kredit bisa gk? Brp bln pembayarannya dan sebulannya brp? -TerimaKsh,5,5,0,1,14.56,,mobile-app,10/2/2019
100024235,beli-harddisk-eksternal,Lazada Guest,1,,,untuk pemasangan di tembok apa ad pihak dari lazada yg memasang'a ? terima kasih,0,0,0,1,10.51,,mobile,10/2/2019
100027053,beli-harddisk-eksternal,I K.,5,,null,null,0,0,0,1,16.01,9-Jan-18,androidApp,10/2/2019
100027329,beli-harddisk-eksternal,Yoga T.,5,,Sesuai Dengan yang tertera,"Kapasitas HDD asli 1 TB, dan tanpa ada lecet di saat saya pertama kali membuka bungkus bubble nya",2,2,0,1,23.3,02 Mei 2017,desktop,10/2/2019
100027329,beli-harddisk-eksternal,Heri K.,5,,mantap,barang sesuai dengan gambar,0,0,0,1,20.21,20-Jun-17,desktop,10/2/2019
100027329,beli-harddisk-eksternal,Lazada Guest,4,,Respon penjualan yg baik,"HD diterima dg packing bubble bagus, hanya tidak tertulis, barang elektronik, atw keterangan lain, agar penanganan lebih hati2 dan istimewa, ketika paket dalam perjalanan. Finally, 4bintang lhah...",1,1,0,1,19.99,,mobile-app,10/2/2019
100027616,beli-harddisk-eksternal,ACHMAD F.,5,,TOP,"Mantap gan Barang sampai dengan selamat , Packing rapih , pokok Mantap lah !",0,0,0,1,20.51,24 Okt 2017,androidApp,10/2/2019
100027616,beli-harddisk-eksternal,Lazada Customer,5,,null,null,0,0,0,1,14.99,25-Apr-18,androidApp,10/2/2019
100027616,beli-harddisk-eksternal,Era A.,5,,null,null,0,0,0,1,12.66,4-Jul-17,desktop,10/2/2019
100027616,beli-harddisk-eksternal,Bilqis,5,,Sip,Oke,0,0,0,1,12.6,14-Jun-17,mobile,10/2/2019
100028438,beli-harddisk-eksternal,Dimas D.,5,,Kepuasan & Ketidakpuasan,"Saya sangat puas dengan barang.nya, kualitas barang sangat membantu HDD saya apabila jatuh dari atas, dan pengiriman rapi gk ada lecet kasih bintang 5 :) Dan Saya sangat tidak puas dengan peng",0,0,0,1,27,25-Feb-17,mobile-app,10/2/2019
100028438,beli-harddisk-eksternal,Pembeli,4,,Bagus,Barang diterima dengan kondisi yang baik tapi packagingnya kurang,0,0,0,1,20.51,19 Des 2017,iosApp,10/2/2019
100028438,beli-harddisk-eksternal,KHAIRUNNISA.SYAN,5,,SESUIA DENGAN FOTO,"Suka banget sama barangnya packing nya rapi, pokoknya recomended banget buat kalian yg mau beli tas hardisk dengan kulitas bagus yah di sini",0,0,0,1,17.55,,mobile-app,10/2/2019
100028438,beli-harddisk-eksternal,Devi P.,5,,null,null,0,0,0,1,15.01,13-Nov-17,androidApp,10/2/2019
100028438,beli-harddisk-eksternal,hady,5,,null,null,0,0,0,1,14.99,25 Des 2017,androidApp,10/2/2019
100028438,beli-harddisk-eksternal,Naufal Y.,5,,null,null,0,0,0,1,14.01,12-Mar-18,androidApp,10/2/2019
100030605,beli-harddisk-eksternal,Antonio G.,5,,null,"Flashdisk ori, Packing bagus. Saya suka.Thx",0,0,0,1,32.49,15-Sep-18,androidApp,10/2/2019
100034104,beli-harddisk-eksternal,Lazada Customer,5,,null,aman cepat pula,0,0,0,1,51.13,5-Sep-19,androidApp,10/2/2019
100034104,beli-harddisk-eksternal,Lazada Customer,5,,null,null,0,0,0,1,42.5,20-Sep-19,androidApp,10/2/2019
100034104,beli-harddisk-eksternal,Lazada Customer,4,,null,Bagus ori kok cuma hanya aja 58 gb:( klo 63 gpp hilang 1 gb,0,0,0,1,35.83,9-Sep-19,androidApp,10/2/2019
100034104,beli-harddisk-eksternal,Ririn S.,1,,null,kapasitasy kurang bagusss aturany klw kosong g bnyakkk firusss tpi nieh bnyakkk firusss sangat kecewe,0,0,0,1,34.01,28-Apr-19,androidApp,10/2/2019
100034104,beli-harddisk-eksternal,Asrinur A.,5,,null,"Baguss bangett kurir nya jga ramah, cakep pula wkwk. Ini 64gb tp cmn 58 sekian gb tp gpp lah yah... Pokok nya recomended deh....",0,0,0,1,33.01,4-Mar-19,androidApp,10/2/2019
100034104,beli-harddisk-eksternal,ucen W.,5,,null,produk dah sampai kemasan rapih pengiriman cepat barang bagus pembayaran cod tidak perlu diragukan lagi üëçüëç,0,0,0,1,33.01,13-Mar-19,androidApp,10/2/2019
100034104,beli-harddisk-eksternal,ucen W.,5,,null,barangnya bagus banget.. sesuai dengan gambar dn deskripsi.. pengiriman cepat.. bagus dn recomended bangt..üëç,0,0,0,1,33.01,28-Feb-19,androidApp,10/2/2019
100034104,beli-harddisk-eksternal,Andre A.,5,,null,"packing tanpa bubble warp. fisik no minus. Cuma 58 GB, bukan 64. ya lumayan",0,0,0,1,31.51,7-Jul-19,androidApp,10/2/2019
100034104,beli-harddisk-eksternal,Hendrii R.,5,,null,barang ok .. packing Rapii .. Kurir nya Ramahh .. Puass ..,0,0,0,1,31.51,24-Jun-19,androidApp,10/2/2019
100034104,beli-harddisk-eksternal,muchamad R.,5,,null,produk original mantap semoga awet,0,0,0,1,31.51,9-Jun-19,androidApp,10/2/2019
100034104,beli-harddisk-eksternal,Budi,5,,null,baik. sesuai ekspektasi.,1,1,0,1,30.36,4-Mar-19,androidApp,10/2/2019
100034104,beli-harddisk-eksternal,Lazada Customer,5,,null,üëçüëçüëç,0,0,0,1,29.83,22 Agu 2019,androidApp,10/2/2019
100034104,beli-harddisk-eksternal,Lazada Customer,5,,null,null,0,0,0,1,29.33,17-Sep-19,androidApp,10/2/2019
100034104,beli-harddisk-eksternal,Lazada Customer,4,,null,null,0,0,0,1,29,15-Sep-19,androidApp,10/2/2019
100034104,beli-harddisk-eksternal,Lazada Customer,5,,null,null,0,0,0,1,28.83,4-Jul-19,androidApp,10/2/2019
100034104,beli-harddisk-eksternal,Brian A.,5,,null,null,0,0,0,1,27.83,8-Sep-19,androidApp,10/2/2019
100034104,beli-harddisk-eksternal,pratiwi,5,,null,null,0,0,0,1,27.67,7-Sep-19,iosApp,10/2/2019
100034104,beli-harddisk-eksternal,Dede A.,5,,null,null,0,0,0,1,27.67,6-Sep-19,androidApp,10/2/2019
100034104,beli-harddisk-eksternal,Izzal R.,5,,null,null,0,0,0,1,27.33,1-Sep-19,androidApp,10/2/2019
100034104,beli-harddisk-eksternal,Lazada Customer,5,,null,Barang nya oke makasih,0,0,0,1,27.08,13 Agu 2019,androidApp,10/2/2019
100034104,beli-harddisk-eksternal,Ahmad K.,5,,null,Tumben ninja cepat pengirimannya,0,0,0,1,27.08,12-Jul-19,androidApp,10/2/2019
100034104,beli-harddisk-eksternal,Sudarso,5,,null,null,0,0,0,1,26.83,1-Sep-19,androidApp,10/2/2019
100034104,beli-harddisk-eksternal,ganirogy,5,,null,barang asli dan original terimakasih maju terus toko jet store,0,0,0,1,26.51,12-Jul-19,androidApp,10/2/2019
100034104,beli-harddisk-eksternal,Fadhila U.,5,,null,"Flashdisk nya bagus, sesuai picture, barang cepat sampai, kurir ramah",0,0,0,1,26.51,12 Mei 2019,mobile,10/2/2019
100034104,beli-harddisk-eksternal,ferry P.,5,,null,oke... mudah2an awet dan ga crash belum sempet d coba,0,0,0,1,26.51,9-Jul-19,desktop,10/2/2019
100034104,beli-harddisk-eksternal,wisnu D.,5,,null,kapasitas cumA 58 gb ajaaaaa.... huft...,0,0,0,1,26.51,4-Jul-19,androidApp,10/2/2019
100034104,beli-harddisk-eksternal,Lazada Customer,4,,null,katanya 64 GB nyatanya cuman 58 GB,0,0,0,1,26.51,10-Jun-19,androidApp,10/2/2019
100034104,beli-harddisk-eksternal,Irine S.,5,,null,"thks ya barang sdh sampai,smga cocok",0,0,0,1,26.51,9-Jun-19,androidApp,10/2/2019
100034104,beli-harddisk-eksternal,Winarso Y.,5,,null,siippp...thank lazada,0,0,0,1,26.51,2-Mar-19,androidApp,10/2/2019
100034104,beli-harddisk-eksternal,Irman A.,5,,null,udah di trima ...barang OK Moga awet...,0,0,0,1,26.51,18 Mei 2019,androidApp,10/2/2019
100034104,beli-harddisk-eksternal,Indra S.,5,,null,josss tenan,0,0,0,1,26.51,09 Mei 2019,androidApp,10/2/2019
100034104,beli-harddisk-eksternal,lidia M.,5,,null,null,0,0,0,1,26.33,24 Agu 2019,androidApp,10/2/2019
100034104,beli-harddisk-eksternal,Samuel P.,5,,null,null,0,0,0,1,26.33,06 Agu 2019,androidApp,10/2/2019
100034104,beli-harddisk-eksternal,Lazada Customer,5,,null,null,0,0,0,1,25.83,15-Jul-19,mobile,10/2/2019
100034104,beli-harddisk-eksternal,Lazada Customer,5,,null,null,0,0,0,1,25.83,22-Jan-19,mobile,10/2/2019
100034104,beli-harddisk-eksternal,Herlina L.,5,,null,null,0,0,0,1,25.83,25 Agu 2019,androidApp,10/2/2019
100034104,beli-harddisk-eksternal,Recvy,5,,null,"Ini ori, bagus tahan lama masih saya pake",0,0,0,1,25.51,29-Mar-19,androidApp,10/2/2019
100034104,beli-harddisk-eksternal,Sucipto B.,1,,null,kampret kaga kebaca!!,0,0,0,1,25.5,27-Mar-19,androidApp,10/2/2019
100034104,beli-harddisk-eksternal,Lazada Customer,5,,null,null,0,0,0,1,25,22-Sep-19,androidApp,10/2/2019
100034104,beli-harddisk-eksternal,Ari A.,5,,null,null,0,0,0,1,24.15,17-Jul-19,androidApp,10/2/2019
100034104,beli-harddisk-eksternal,Sandi,5,,null,null,0,0,0,1,24.01,15 Mei 2019,androidApp,10/2/2019
100034104,beli-harddisk-eksternal,Lazada Customer,5,,GOOD,barang bagus quick respon hari ini pesan besok sudah sampai,0,0,0,1,23.03,3-Jul-18,desktop,10/2/2019
100034104,beli-harddisk-eksternal,Asep P.,4,,null,null,0,0,0,1,23.01,30-Mar-19,mobile,10/2/2019
100034104,beli-harddisk-eksternal,Muhammad I.,4,,null,null,0,0,0,1,23.01,26-Mar-19,androidApp,10/2/2019
100034104,beli-harddisk-eksternal,Tarmudi,5,,,brang cukup bagus,0,0,0,1,20.51,3-Apr-17,androidApp,10/2/2019
100034104,beli-harddisk-eksternal,Reuther J.,5,,null,null,0,0,0,1,19.58,10 Agu 2019,androidApp,10/2/2019
100034104,beli-harddisk-eksternal,Siti F.,5,,null,null,0,0,0,1,19.58,27-Mar-19,androidApp,10/2/2019
100034104,beli-harddisk-eksternal,Mhd W.,5,,null,null,0,0,0,1,19.58,06 Agu 2019,androidApp,10/2/2019
100034104,beli-harddisk-eksternal,Dias P.,5,,null,null,0,0,0,1,19.58,08 Agu 2019,androidApp,10/2/2019
100034104,beli-harddisk-eksternal,Lazada Customer,3,,null,null,0,0,0,1,19.58,30-Jul-19,androidApp,10/2/2019
100034104,beli-harddisk-eksternal,Lazada Customer,5,,null,Sip mantap,0,0,0,1,19.58,29-Jul-19,androidApp,10/2/2019
100034104,beli-harddisk-eksternal,bay H.,5,,null,null,0,0,0,1,19.58,22-Jul-19,androidApp,10/2/2019
100034104,beli-harddisk-eksternal,purwati,5,,null,null,0,0,0,1,19.56,06 Mei 2019,androidApp,10/2/2019
100034104,beli-harddisk-eksternal,Lazada Customer,5,,null,null,0,0,0,1,19.15,2-Jul-19,androidApp,10/2/2019
100034104,beli-harddisk-eksternal,Lazada Customer,5,,null,null,0,0,0,1,19.01,15 Mei 2019,androidApp,10/2/2019
100034104,beli-harddisk-eksternal,Lazada Customer,5,,null,null,0,0,0,1,19.01,1-Jul-19,androidApp,10/2/2019
100034104,beli-harddisk-eksternal,Putra A.,5,,null,null,0,0,0,1,19.01,1-Apr-19,iosApp,10/2/2019
100034104,beli-harddisk-eksternal,Lie M.,5,,null,null,0,0,0,1,19.01,24-Jun-19,androidApp,10/2/2019
100034104,beli-harddisk-eksternal,Tumpal S.,5,,null,null,0,0,0,1,19.01,4-Jun-19,androidApp,10/2/2019
100034104,beli-harddisk-eksternal,Aldino W.,5,,null,null,0,0,0,1,19.01,19-Feb-19,androidApp,10/2/2019
100034104,beli-harddisk-eksternal,anggi A.,5,,null,null,0,0,0,1,19.01,23-Feb-19,androidApp,10/2/2019
100034104,beli-harddisk-eksternal,Ahmad F.,5,,null,null,0,0,0,1,19.01,8-Mar-19,androidApp,10/2/2019
100034104,beli-harddisk-eksternal,Nama P.,5,,null,null,0,0,0,1,19.01,8-Jun-19,androidApp,10/2/2019
100034104,beli-harddisk-eksternal,Pupung A.,5,,null,bagus ori!,0,0,0,1,19.01,7-Jun-19,androidApp,10/2/2019
100034104,beli-harddisk-eksternal,Bambang G.,5,,null,null,0,0,0,1,19.01,6-Jun-19,androidApp,10/2/2019
100034104,beli-harddisk-eksternal,Lazada Customer,5,,null,null,0,0,0,1,19.01,27-Jan-19,androidApp,10/2/2019
100034104,beli-harddisk-eksternal,ardi R.,5,,null,null,0,0,0,1,19.01,11-Feb-19,androidApp,10/2/2019
100034104,beli-harddisk-eksternal,THE N.,5,,null,null,0,0,0,1,19.01,31-Mar-19,androidApp,10/2/2019
100034104,beli-harddisk-eksternal,selvi H.,5,,null,null,0,0,0,1,19.01,16 Mei 2019,androidApp,10/2/2019
100034104,beli-harddisk-eksternal,Siti S.,5,,null,null,0,0,0,1,19.01,14 Mei 2019,androidApp,10/2/2019
100034104,beli-harddisk-eksternal,Lazada Customer,5,,null,null,0,0,0,1,19.01,15 Mei 2019,androidApp,10/2/2019
100034104,beli-harddisk-eksternal,Desy C.,5,,null,null,0,0,0,1,19.01,06 Mei 2019,iosApp,10/2/2019
100034104,beli-harddisk-eksternal,Saleh H.,5,,null,null,0,0,0,1,19.01,17-Mar-19,androidApp,10/2/2019
100034104,beli-harddisk-eksternal,Novan A.,5,,null,null,0,0,0,1,19.01,04 Mei 2019,androidApp,10/2/2019
100034104,beli-harddisk-eksternal,Aobhie H.,5,,null,real good,0,0,0,1,19.01,26-Mar-19,androidApp,10/2/2019
100034104,beli-harddisk-eksternal,Dwi P.,5,,null,null,0,0,0,1,18.01,29-Apr-19,iosApp,10/2/2019
100034104,beli-harddisk-eksternal,Kejar K.,3,,null,null,0,0,0,1,18.01,9-Apr-19,androidApp,10/2/2019
100034104,beli-harddisk-eksternal,Yulianto A.,3,,null,null,0,0,0,1,18.01,4-Mar-19,androidApp,10/2/2019
100034104,beli-harddisk-eksternal,Satria F.,5,,null,null,0,0,0,1,18.01,14-Apr-19,androidApp,10/2/2019
100034104,beli-harddisk-eksternal,*i. P.,5,,null,null,0,0,0,1,18.01,15-Apr-19,androidApp,10/2/2019
100034104,beli-harddisk-eksternal,Ketut W.,5,,null,bagus,0,0,0,1,18.01,11-Apr-19,androidApp,10/2/2019
100034104,beli-harddisk-eksternal,Maswa A.,5,,null,null,0,0,0,1,18.01,29-Mar-19,androidApp,10/2/2019
100034104,beli-harddisk-eksternal,abdul M.,5,,null,good,0,0,0,1,18.01,27-Mar-19,androidApp,10/2/2019
100034104,beli-harddisk-eksternal,muhamad N.,5,,null,null,0,0,0,1,18.01,13-Mar-19,androidApp,10/2/2019
100034104,beli-harddisk-eksternal,sri H.,5,,null,null,0,0,0,1,18.01,1-Mar-19,androidApp,10/2/2019
100034104,beli-harddisk-eksternal,Jesa J.,5,,null,null,0,0,0,1,18,1-Apr-19,iosApp,10/2/2019
100034104,beli-harddisk-eksternal,Lazada Customer,5,,null,null,0,0,0,1,17.01,28-Jan-19,androidApp,10/2/2019
100034104,beli-harddisk-eksternal,Sriyana,3,,null,null,0,0,0,1,17.01,28-Jan-19,androidApp,10/2/2019
100034104,beli-harddisk-eksternal,Leonard P.,5,,null,null,0,0,0,1,17.01,19-Jan-19,androidApp,10/2/2019
100034104,beli-harddisk-eksternal,Lazada Customer,5,,null,null,0,0,0,1,16.01,26 Okt 2018,androidApp,10/2/2019
100034104,beli-harddisk-eksternal,bondan I.,5,,null,null,0,0,0,1,16.01,29-Sep-18,androidApp,10/2/2019
100034117,beli-harddisk-eksternal,Lazada Customer,2,,null,null,0,0,0,1,19.01,13-Jun-19,androidApp,10/2/2019
100036366,beli-harddisk-eksternal,Lazada Customer,2,,null,"pengiriman sangat lama, tgl 19 di pesan, tgl 22 barang baru dikemas, tgl 23 baru diambil ekspedisi, tgl 25 baru sampai. Masih dijabotabek tapi lama.",0,0,0,1,34.58,19-Jul-19,desktop,10/2/2019
100036366,beli-harddisk-eksternal,hadiyanto,1,,"barang pecah dikirim, payah ni seller","barang tanpa kemasan, tanpa pelindung apapun, hanya dus tv saja, liat dusnya sobek dikit sudah mulai curiga, kayaknya pecah ini, eeeeellllaaaa pas dibuka pecah beneran, BAD SELLER, BENER BENER BAD SELLER MAU UNTUNG AJA, tanpa peduli keadaan produk , kalo gak ada untung n pelit pakingan ya jgn jualan ....barang sudah retur , mudah mudahan barangnya cepat di kirim lg d",27,27,0,1,33.55,27-Mar-18,desktop,10/2/2019
100036366,beli-harddisk-eksternal,Fajar H.,4,,Brng Utuh diterima,"Barang diterima pada hari akhir yg dijadwalkan, yaitu malam hari. Kondisi barang terlindungi dengan packing bawaan unit. Kualitas unit adalah kualitas Sharp. Semoga awet. Bila unit ini dikirim dari gudang Lazada di Bogor, mestinya bisa lebih cpt tiba, bukan pada hari akhir yg dijadwalkan karena alamat tujuan juga di Bogor.",4,4,0,1,33.39,27-Mar-18,androidApp,10/2/2019
100036366,beli-harddisk-eksternal,aryanto,4,,sesuai pesanan,masukan saja.. klo bisa packingnya jangan asal.. dikasih buble wrap minimal.. ini cuma dipacking pakai plastik biasa.. sempet khawatir pecah.. tpi untung gk terjadi . ..,0,0,0,1,29.99,15-Jul-18,androidApp,10/2/2019
100036366,beli-harddisk-eksternal,Heri S.,5,,null,null,0,0,0,1,27,30 Agu 2019,androidApp,10/2/2019
100036366,beli-harddisk-eksternal,Abdul A.,4,,,pesanan sesuai dgn yg di gambar .....skrg sy lg coba smoga awet...,2,2,0,1,24.84,1-Mar-18,androidApp,10/2/2019
100036366,beli-harddisk-eksternal,Edi S.,2,,Pengiriman,Pengiriman tidak sesuai tanggal yang tertera,18,18,1,1,24.38,1-Apr-17,desktop,10/2/2019
100036366,beli-harddisk-eksternal,Lazada Customer,5,,null,sesuai... no tipu2,1,1,0,1,24.01,24-Mar-18,androidApp,10/2/2019
100036366,beli-harddisk-eksternal,Pohin,5,,null,barang ok packing rapih,0,0,0,1,22.49,24 Agu 2018,androidApp,10/2/2019
100036366,beli-harddisk-eksternal,Nilam R.,5,,null,"Barangnya sampai dengan cepat, bagus, terimakasih lazada.",0,0,0,1,22.49,30 Agu 2018,androidApp,10/2/2019
100036366,beli-harddisk-eksternal,Pohin,5,,tv murah,"pengiriman cepat packirng rapih harga murah, free ongkir",0,0,0,1,22.49,15-Jul-18,androidApp,10/2/2019
100036366,beli-harddisk-eksternal,ming F.,5,,mantapp,mantapp barang nya sesuai pesanan,0,0,0,1,22.49,9-Jul-18,androidApp,10/2/2019
100036366,beli-harddisk-eksternal,kiky p.,1,,Parah,Jangan pernah beli disini..parah banget..barang belum sampe udh 2 mi ggu alesan nya gak jelas gangguan dll..,27,27,0,1,22.35,,mobile-app,10/2/2019
100036366,beli-harddisk-eksternal,Muhammad A.,1,,"pengiriman lama pisan, katanya dr kurir, pengirimannya ga pake exspres",hati hati ini tv ga bisa pake USB,0,0,0,1,21.51,19-Mar-18,androidApp,10/2/2019
100036366,beli-harddisk-eksternal,Kusnadi,3,,null,null,1,1,0,1,21.5,22-Jun-19,androidApp,10/2/2019
100036366,beli-harddisk-eksternal,Lazada Customer,5,,null,null,0,0,0,1,19.15,14-Jul-19,androidApp,10/2/2019
100036366,beli-harddisk-eksternal,Yan T.,5,,null,null,0,0,0,1,19.15,15-Jul-19,androidApp,10/2/2019
100036366,beli-harddisk-eksternal,ARIF B.,5,,null,null,0,0,0,1,19.01,4-Feb-19,androidApp,10/2/2019
100036366,beli-harddisk-eksternal,Akasia P.,5,,null,null,0,0,0,1,18.64,13-Feb-19,androidApp,10/2/2019
100036366,beli-harddisk-eksternal,Indah P.,5,,null,null,0,0,0,1,18.01,27 Agu 2018,iosApp,10/2/2019
100036366,beli-harddisk-eksternal,tjhong K.,5,,null,null,0,0,0,1,18.01,15 Agu 2018,iosApp,10/2/2019
100036366,beli-harddisk-eksternal,Jovan R.,5,,null,null,0,0,0,1,17.01,9-Sep-18,androidApp,10/2/2019
100036366,beli-harddisk-eksternal,Harris H.,5,,null,null,0,0,0,1,17.01,28-Jan-19,androidApp,10/2/2019
100036366,beli-harddisk-eksternal,Lukas P.,5,,null,null,0,0,0,1,17.01,17-Jan-19,androidApp,10/2/2019
100036366,beli-harddisk-eksternal,Harris H.,5,,null,null,0,0,0,1,17.01,15-Jan-19,androidApp,10/2/2019
100036366,beli-harddisk-eksternal,Harris H.,5,,null,null,0,0,0,1,17.01,12-Jan-19,androidApp,10/2/2019
100036366,beli-harddisk-eksternal,Harris H.,5,,null,null,0,0,0,1,17.01,10-Jan-19,androidApp,10/2/2019
100036366,beli-harddisk-eksternal,lukas P.,5,,null,null,0,0,0,1,17.01,7-Jul-18,androidApp,10/2/2019
100036366,beli-harddisk-eksternal,lukas P.,5,,null,null,0,0,0,1,17.01,9-Jul-18,androidApp,10/2/2019
100036366,beli-harddisk-eksternal,Hendry,5,,null,null,0,0,0,1,17.01,9-Sep-18,androidApp,10/2/2019
100036366,beli-harddisk-eksternal,tjhong K.,5,,null,null,0,0,0,1,17,17-Sep-18,iosApp,10/2/2019
100036366,beli-harddisk-eksternal,Lukas P.,5,,null,puas,0,0,0,1,16.01,19-Nov-18,androidApp,10/2/2019
100036366,beli-harddisk-eksternal,Akasia P.,4,,null,null,0,0,0,1,16.01,26 Okt 2018,androidApp,10/2/2019
100036366,beli-harddisk-eksternal,Akasia P.,4,,null,null,0,0,0,1,16.01,29 Okt 2018,androidApp,10/2/2019
100036366,beli-harddisk-eksternal,Lukas P.,4,,null,null,0,0,0,1,16.01,23 Okt 2018,androidApp,10/2/2019
100036366,beli-harddisk-eksternal,Lukas P.,4,,null,null,0,0,0,1,16.01,27 Agu 2018,androidApp,10/2/2019
100036366,beli-harddisk-eksternal,Akasia P.,4,,null,puas,0,0,0,1,16,19-Nov-18,androidApp,10/2/2019
100036366,beli-harddisk-eksternal,Jie L.,5,,null,null,0,0,0,1,16,9-Sep-18,androidApp,10/2/2019
100036366,beli-harddisk-eksternal,Akasia P.,4,,null,null,0,0,0,1,16,05 Okt 2018,androidApp,10/2/2019
100036366,beli-harddisk-eksternal,Akasia P.,4,,null,null,0,0,0,1,16,31 Agu 2018,androidApp,10/2/2019
100036366,beli-harddisk-eksternal,Akasia P.,4,,null,null,0,0,0,1,16,25-Sep-18,androidApp,10/2/2019
100036366,beli-harddisk-eksternal,Akasia P.,4,,null,null,0,0,0,1,16,26-Sep-18,androidApp,10/2/2019
100036366,beli-harddisk-eksternal,yoppy H.,5,,null,null,0,0,0,1,14.99,9-Sep-18,androidApp,10/2/2019
100036366,beli-harddisk-eksternal,ming F.,5,,null,mantap,0,0,0,1,14.99,31 Agu 2018,androidApp,10/2/2019
100036366,beli-harddisk-eksternal,ming F.,4,,null,mantap,0,0,0,1,14.99,5-Sep-18,androidApp,10/2/2019
100036366,beli-harddisk-eksternal,teno,4,,null,null,0,0,0,1,14.99,28-Nov-16,androidApp,10/2/2019
100036366,beli-harddisk-eksternal,Salbiah,5,,null,null,0,0,0,1,14.01,5-Apr-18,desktop,10/2/2019
100036366,beli-harddisk-eksternal,Lazada Customer,5,,null,null,0,0,0,1,14.01,26-Mar-18,androidApp,10/2/2019
100036366,beli-harddisk-eksternal,Soleh h.,5,,null,null,0,0,0,1,14.01,21-Mar-18,androidApp,10/2/2019
100036366,beli-harddisk-eksternal,dede S.,1,,null,null,0,0,0,1,14,11-Apr-18,androidApp,10/2/2019
100036366,beli-harddisk-eksternal,Lazada Guest,3,,yuda,Sangat puas dengan produknya. Terimakasih..,14,14,1,1,13.88,,mobile,10/2/2019
100036366,beli-harddisk-eksternal,Amel F.,5,,null,null,0,0,0,1,13.26,11-Jun-17,androidApp,10/2/2019
100036366,beli-harddisk-eksternal,Maharaja H.,4,,null,null,0,0,0,1,13.01,25 Okt 2017,iosApp,10/2/2019
100036366,beli-harddisk-eksternal,Risa W.,5,,null,null,0,0,0,1,13.01,08 Agu 2017,desktop,10/2/2019
100038665,beli-harddisk-eksternal,Fitriyansyah,5,,Pelayanan,"Memuaskan, produk sesuai deskripsi, packing bagus, dan penerimaan produk cepat untuk saya yg berada di jkt",0,0,0,1,27,20 Des 2016,mobile-app,10/2/2019
100038665,beli-harddisk-eksternal,Sahrul A.,3,,"Kurang puas..,","Kenapa chargernya tidak lengkap....?? G bisa langsung dipakai buat charger..., kita harus nyari dan beli lagi sambungan buat chargernya.., tolong d bantu",0,0,0,1,27,22-Nov-16,mobile-app,10/2/2019
100038665,beli-harddisk-eksternal,Dani,1,,Laptop lenovo,Ini spek ram.nya 2GB atau 4GB,0,0,0,1,9.48,,mobile-app,10/2/2019
100042741,beli-harddisk-eksternal,Rayndra A.,1,,FLASHDISK BEKAS WKWKWK :D,"GAN SAYA SARANKAN UNTUK LEBIH BERHATI-HATI DALAM MEMBELI, FLASHDISK YANG DIKIRIM KE SAYA ADALAH FLASHDISK REKONDISI (DAUR ULANG BEKAS). JANGAN TERTIPU OLEH HARGA. MAS DOSA MAS BOHONG. DI FLASHDISKNYA ADA TULISAN NAMA ""ARYO"" YANG SENGAJA DIHAPUS TP KURANG BERSIH. FILE YANG DIKIRIM KE FLASHDISK JUGA ERROR. MAKAN DUIT HARAM MAS. KENYANG TP GA BERKAH.",0,0,0,1,27.66,4-Jul-17,desktop,10/2/2019
100042741,beli-harddisk-eksternal,Satya P.,2,,Sering corrupt,"Barang cepat sampainya. Kualitas FD kurang bagus, file yang di copy sering corrupt.",0,0,0,1,19.97,16 Mei 2017,desktop,10/2/2019
100042741,beli-harddisk-eksternal,Hendri,1,,null,Palsu,0,0,0,1,15.8,16-Jun-17,androidApp,10/2/2019
100042741,beli-harddisk-eksternal,Devvy A.,5,,null,null,0,0,0,1,13,30-Apr-17,androidApp,10/2/2019
100042741,beli-harddisk-eksternal,DHEA P.,5,,VERY NICE,VERY GOOD,0,0,0,1,12.37,15-Apr-17,mobile,10/2/2019
100042741,beli-harddisk-eksternal,Tjan H.,1,,barang kw,"korup terus klo di copy ke fd,mengecewakan",0,0,0,1,10.08,,mobile-app,10/2/2019
100047783,beli-harddisk-eksternal,ni P.,5,,null,null,0,0,0,1,17.01,27 Okt 2018,androidApp,10/2/2019
100052565,beli-harddisk-eksternal,Pieter C.,5,,TOP BGT,"hardisknya keren, pelindungnya kokoh , udah ada aplikasi transcend elitenya di dalam untuk enkripsi thanks seller and lazada",0,0,0,1,28.01,30 Okt 2017,androidApp,10/2/2019
100052565,beli-harddisk-eksternal,zara,4,,Barang sudah mendarat dengan selamat,"Sampainya agak lama tapi puas, packing rapi dan pas dateng warnanya biru seneng banget gan hehe. Top deh semoga awet barangnya",0,0,0,1,28.01,02 Okt 2017,mobile-app,10/2/2019
100052565,beli-harddisk-eksternal,Maesaroh,5,,Bagus,"Trims Lazada & reseller, , barang sdh saya terima senin siang, penigiriman sesuai dengan yg di informasikan.",0,0,0,1,27,9-Mar-17,desktop,10/2/2019
100052565,beli-harddisk-eksternal,Uli,5,,bagus,sesuai spek yg saya mau.. jd oke lah,0,0,0,1,22.49,12 Des 2017,androidApp,10/2/2019
100052565,beli-harddisk-eksternal,bahari,5,,Rekomended,barangnya bagus. rapi tidak mengecewakan. akan tetapi bagus kalau ada Bonus pouch nya. hehhe,1,1,0,1,22.32,23-Mar-17,mobile-app,10/2/2019
100052565,beli-harddisk-eksternal,Temon,5,,,"barang udah sampe gunn,, masih segell dari pabriknya,, mangstabb,,",0,0,0,1,20.51,11-Jan-18,desktop,10/2/2019
100052565,beli-harddisk-eksternal,Yaya S.,5,,,barang tlah diterima kondisi baik,0,0,0,1,20.51,11-Jan-18,androidApp,10/2/2019
100052565,beli-harddisk-eksternal,Fidel A.,5,,null,null,0,0,0,1,19.58,25 Mei 2018,androidApp,10/2/2019
100052565,beli-harddisk-eksternal,Mbah K.,5,,null,mantap,0,0,0,1,14.99,07 Agu 2018,androidApp,10/2/2019
100052565,beli-harddisk-eksternal,Anggun B.,5,,mantaaabs barang ok,null,0,0,0,1,14.01,11-Jan-18,androidApp,10/2/2019
100052565,beli-harddisk-eksternal,Lazada Customer,5,,null,null,0,0,0,1,14,12 Des 2017,androidApp,10/2/2019
100052565,beli-harddisk-eksternal,Harun Z.,4,,null,null,0,0,0,1,13.01,08 Des 2017,mobile,10/2/2019
100052565,beli-harddisk-eksternal,Lazada Customer,5,,null,null,0,0,0,1,13.01,06 Des 2017,androidApp,10/2/2019
100055947,beli-harddisk-eksternal,Nicho P.,5,,null,"Barang sesuai deskripsi,penjual ramah,respon cepat..",1,1,0,1,33.01,31-Mar-19,androidApp,10/2/2019
100055947,beli-harddisk-eksternal,Muhammad R.,5,,null,"Packaging rapi, flashdiksnya ORI, kapasitasnya sesuai dengan detail produk yang dicantumkan dan foto dengan barangnya sesuai + barangnya datang sesuai tepat waktu. Makasih ya.. üòò",0,0,0,1,31.01,30 Okt 2018,androidApp,10/2/2019
100055947,beli-harddisk-eksternal,Johann S.,5,,mantap,"flashdisknya sudah diterima dengan baik. kapasitas total 58,544,586,752 bytes dengan FAT32. menjadi 62,885,724,160 bytes kalau diformat dengan exFAT. write speed 10MB/s dan read 30 MB/s dengan port USB 2.0, belum dicoba dengan port usb 3.0.",1,1,0,1,30.13,24-Jun-17,desktop,10/2/2019
100055947,beli-harddisk-eksternal,Dian A.,5,,null,"Terima kasih, barang bagus dan respon penjual sgt baik.",0,0,0,1,22.49,7-Sep-18,androidApp,10/2/2019
100055947,beli-harddisk-eksternal,Elisa P.,5,,Oke,"Barang sudah diterima dgn baik. Packing rapih. Tp isinya cuma 58GB. Selebihnya, oke",1,1,1,1,21.24,23 Des 2016,mobile-app,10/2/2019
100055947,beli-harddisk-eksternal,Michael O.,5,,recommended,pas cocok buat anda semua. bgus. sesuai deskripsi.,0,0,0,1,20.51,8-Mar-17,androidApp,10/2/2019
100055947,beli-harddisk-eksternal,Warya,5,,null,null,0,0,0,1,19.01,11 Mei 2019,iosApp,10/2/2019
100055947,beli-harddisk-eksternal,Wawan D.,4,,null,null,0,0,0,1,18.01,31-Jul-18,mobile,10/2/2019
100055947,beli-harddisk-eksternal,Lazada Customer,5,,null,null,0,0,0,1,17.01,6-Sep-18,androidApp,10/2/2019
100055947,beli-harddisk-eksternal,Siti N.,5,,null,null,0,0,0,1,17.01,14 Agu 2018,androidApp,10/2/2019
100055947,beli-harddisk-eksternal,Lazada Customer,5,,null,null,0,0,0,1,16.01,12-Nov-18,androidApp,10/2/2019
100055947,beli-harddisk-eksternal,Birger,5,,null,null,0,0,0,1,16.01,7-Sep-18,desktop,10/2/2019
100055947,beli-harddisk-eksternal,ANWAR T.,5,,null,null,0,0,0,1,14.99,9-Sep-18,androidApp,10/2/2019
100055947,beli-harddisk-eksternal,ahmad T.,5,,null,null,0,0,0,1,14.99,29-Jul-18,androidApp,10/2/2019
100055947,beli-harddisk-eksternal,Novi A.,5,,null,PUAS,0,0,0,1,14.99,31-Jul-18,androidApp,10/2/2019
100055947,beli-harddisk-eksternal,achmad J.,5,,null,null,0,0,0,1,14.99,19-Jul-18,androidApp,10/2/2019
100055947,beli-harddisk-eksternal,Yanti,5,,ok banget,"flashdisk 64gb casing metal, baguss",0,0,0,1,9.91,,desktop,10/2/2019
100061038,beli-harddisk-eksternal,Lazada Customer,5,,null,null,0,0,0,1,42.5,23-Sep-19,androidApp,10/2/2019
100061038,beli-harddisk-eksternal,Lazada Customer,5,,null,null,0,0,0,1,29.58,13 Agu 2019,androidApp,10/2/2019
100061038,beli-harddisk-eksternal,rizki E.,5,,null,Sesuai deskripsi,0,0,0,1,26.65,15-Jul-19,desktop,10/2/2019
100061038,beli-harddisk-eksternal,fauzi A.,5,,null,"barang dah sampai, makasih",1,1,0,1,24.99,21 Agu 2018,desktop,10/2/2019
100061038,beli-harddisk-eksternal,Lazada Customer,5,,null,mantap barang gak minus sama sekali,0,0,0,1,24.51,12 Des 2018,androidApp,10/2/2019
100061038,beli-harddisk-eksternal,Febian M.,5,,null,"pengiriman cepat, packing cukup bagus",0,0,0,1,23.51,11-Nov-18,androidApp,10/2/2019
100061038,beli-harddisk-eksternal,Dirawan,5,,null,Biarkan bintang yang berbicara ... üëåüëç,0,0,0,1,23.51,11-Nov-18,androidApp,10/2/2019
100061038,beli-harddisk-eksternal,Erwin J.,5,,null,"Barangnya ok, cepat sampai",0,0,0,1,23.51,12-Sep-18,mobile,10/2/2019
100061038,beli-harddisk-eksternal,Lazada Customer,5,,null,"Pengirimannya cepat, produk baik",0,0,0,1,23.51,01 Okt 2018,androidApp,10/2/2019
100061038,beli-harddisk-eksternal,Chandra K.,5,,null,Barang sesuai dengan deskripsi dan berfungsi baik.,0,0,0,1,23.51,26-Sep-18,androidApp,10/2/2019
100061038,beli-harddisk-eksternal,Lazada Customer,5,,null,"sampai cepat, barang sesuai.",0,0,0,1,22.49,4-Sep-18,androidApp,10/2/2019
100061038,beli-harddisk-eksternal,dwi S.,4,,express,dikirim hari berikutnya dan barang mulus,0,0,0,1,21.5,5-Mar-18,androidApp,10/2/2019
100061038,beli-harddisk-eksternal,Andrari G.,5,,null,null,0,0,0,1,19.01,3-Jun-19,androidApp,10/2/2019
100061038,beli-harddisk-eksternal,tetty N.,5,,null,null,0,0,0,1,19.01,22-Nov-18,androidApp,10/2/2019
100061038,beli-harddisk-eksternal,Septria I.,5,,null,null,0,0,0,1,18.01,27-Mar-19,androidApp,10/2/2019
100061038,beli-harddisk-eksternal,Dave M.,5,,null,null,0,0,0,1,18.01,12 Des 2018,androidApp,10/2/2019
100061038,beli-harddisk-eksternal,Fabiola A.,5,,null,null,0,0,0,1,18.01,20-Mar-19,iosApp,10/2/2019
100061038,beli-harddisk-eksternal,Lenka B.,5,,null,null,0,0,0,1,18.01,24-Feb-19,iosApp,10/2/2019
100061038,beli-harddisk-eksternal,Lazada Customer,5,,null,null,0,0,0,1,17.01,12 Des 2018,androidApp,10/2/2019
100061038,beli-harddisk-eksternal,Anggoro E.,5,,null,null,0,0,0,1,17.01,10 Des 2018,androidApp,10/2/2019
100061038,beli-harddisk-eksternal,Zaldy C.,5,,null,null,0,0,0,1,16.01,08 Okt 2018,iosApp,10/2/2019
100061038,beli-harddisk-eksternal,Lazada Customer,5,,null,null,0,0,0,1,16.01,10 Okt 2018,androidApp,10/2/2019
100061038,beli-harddisk-eksternal,Willyanda N.,5,,null,null,0,0,0,1,16.01,17 Okt 2018,androidApp,10/2/2019
100061038,beli-harddisk-eksternal,herry P.,5,,null,oke,0,0,0,1,16.01,12-Sep-18,desktop,10/2/2019
100061038,beli-harddisk-eksternal,Erlin D.,5,,null,null,0,0,0,1,16.01,13-Sep-18,androidApp,10/2/2019
100061038,beli-harddisk-eksternal,Lazada Customer,4,,null,baik,0,0,0,1,14.99,7-Sep-18,androidApp,10/2/2019
100061038,beli-harddisk-eksternal,inge,5,,null,null,0,0,0,1,14.99,17 Agu 2018,androidApp,10/2/2019
100061038,beli-harddisk-eksternal,Atika N.,5,,null,null,0,0,0,1,14.99,26-Jul-18,androidApp,10/2/2019
100061038,beli-harddisk-eksternal,SURYAWAN,5,,null,null,0,0,0,1,14.01,27 Mei 2018,iosApp,10/2/2019
100072071,beli-harddisk-eksternal,Alwan P.,2,,RAM?,ram 8gb atau 4gb?,0,0,0,1,9.92,,desktop,10/2/2019
100086255,beli-harddisk-eksternal,Kurniawan,5,,TV LED dengan beragam input!,"TV LED dengan pilihan input yang lengkap (HDMI, DV, VGA). Kami beli untuk keperluan kantor yang penggunaannya bisa multi-source. Panasonic satu-satunya merk yang menyediakan fasilitas ini (sepanjang pengetahuan kami). Kualitas gambar juga bagus, dengan bezel tipis yang memberikan kesan ""lega"" ... extra bracket memudahkan pemasangan di dinding. Bravo Panasonic!",12,12,0,1,32.62,20 Okt 2017,desktop,10/2/2019
100086255,beli-harddisk-eksternal,Adi h.,5,,null,null,0,0,0,1,19.58,4-Jan-17,androidApp,10/2/2019
100086255,beli-harddisk-eksternal,hanif s.,5,,Mantap,Cuma butuh waktu 12 jam unit tiba.. thks,0,0,0,1,19.5,22-Jan-17,mobile-app,10/2/2019
100086255,beli-harddisk-eksternal,Rosana U.,1,,Kalo mau cicilan gmn caranya?,Mau cicilan gmn caranya6,30,30,0,1,15.05,,mobile-app,10/2/2019
100086255,beli-harddisk-eksternal,Lazada Guest,3,,Mau nyicil dong.. proses nya susah nggak??,Nyicil dengan cara mudah prosesnya susah nggak,6,6,0,1,14.56,,mobile-app,10/2/2019
100086255,beli-harddisk-eksternal,Lazada Guest,5,,Barang mantap sesuai pesanan..,Pokonya puas..,0,0,0,1,9.91,,mobile-app,10/2/2019
100087269,beli-harddisk-eksternal,Muhammad R.,5,,Puas bgt ^_^,"Puas bgt pengiriman sesuai jadwal, barang bagus, packing rapih buat maen game enak bgt hihii, murah lagi, tenkyu lazada",0,0,0,1,27.51,08 Des 2016,mobile,10/2/2019
100087269,beli-harddisk-eksternal,Gani R.,3,,Saran,Saya igin pesan tapi packingnya kalo bisa harus rapih dan aman jadi barang terlindungi. Untuk saat ini bintang 3 nanti kalo barangnya udah diterima dan bagis jadi 5 bintang,0,0,0,1,17,,mobile-app,10/2/2019
100094378,beli-harddisk-eksternal,Theodore L.,4,,"Mantap, awet. Sayang warnanya gampang kotor.",null,0,0,0,1,14.01,09 Des 2016,iosApp,10/2/2019
100094942,beli-harddisk-eksternal,Lazada Customer,3,,null,"Saya kurang yakin produk ini genuine karena hologramnya pun tidak ada dan kartu garansinya pun tidak ada..hanya keterangan saja di dusnya bahwa barang ini Original Resmi Indonesia Bergaransi ..dengan diberi nomor telpon Service Centernya.... Memory yang tersedia ternyata juga tidak sampai 2 TB tetapi 1.81 TB selisih 0.19 TB ...besar banget selisihnya..tidak mungkin juga terpakai untuk sistemnya sampai begitu banyak...tapi tidak begitu masalah... Eksternal hardisk ini bekerja bagus, cepat dan Hadiah hardcase cukup bagus untuk melindungi barang ini dari debu dan benturan. Sayangnya saat di registrasi ke Official Webnya WD ternyata Identification Numbernya tidak dikenal..tidak valid...alias barang ini bukan asli..alias KW.. Seller responsif sayangnya tidak memberitahu asli tidaknya barang ini. Pengiriman terhitung cepat..dalam 2 hari barang sudah di tangan.. Mudah2an saja barang ini awet wslaupun tdk original",0,0,0,1,67.5,25-Sep-19,androidApp,10/2/2019
100094942,beli-harddisk-eksternal,Lazada Customer,3,,null,barang bagus peking rapih. gua rekomendasikan banget lah klo barangnya.cma sayang pengiriman lama kaya ampas jne dioper sana sini barang gua ga ga muncul2 harus di komplen dlu cs ny kali baru ngerti. mending buat pengiriman lain deh lbi bgus,1,1,0,1,41.18,10 Des 2018,androidApp,10/2/2019
100094942,beli-harddisk-eksternal,Dovicky A.,5,,null,"Mantab, speed konsisten, total size asli 1.81gb, pas. Sejauh ini masih normal digunakan. Nice job seller n Lazada üëçüèª",0,0,0,1,36.01,11-Nov-18,androidApp,10/2/2019
100094942,beli-harddisk-eksternal,Ruli W.,1,,null,"barang belum terima....pihak lazada bilang sidah diterima. cek di JNE lhoksukon aceh utara barang tidak ada...ada masalah, petigasnya tdk ramah, dan tdk ada solusk. mana yg benar. email ke CS JNE sama CS Lazada tdk ada reapon. bagaimana nasih barang saya harga 1 jt an",1,1,0,1,33.51,11-Nov-18,androidApp,10/2/2019
100094942,beli-harddisk-eksternal,Keong I.,5,,null,Smuanya mntap..,0,0,0,1,31.5,18 Mei 2019,mobile,10/2/2019
100094942,beli-harddisk-eksternal,Yuli S.,5,,null,"pengiriman cepat, hr ini kirin lusa udh terima. packing rapi pake bubble jg. kwalitas product oke. Tq.",0,0,0,1,31.01,11-Nov-18,androidApp,10/2/2019
100094942,beli-harddisk-eksternal,Lazada Customer,5,,null,null,0,0,0,1,29.83,9-Sep-19,androidApp,10/2/2019
100094942,beli-harddisk-eksternal,denys T.,5,,null,Saya rekomendasikan beli disini,1,1,0,1,26.01,11-Nov-18,desktop,10/2/2019
100094942,beli-harddisk-eksternal,Lazada Customer,5,,null,null,0,0,0,1,25,25-Sep-19,androidApp,10/2/2019
100094942,beli-harddisk-eksternal,Rusli C.,5,,null,sudah sampaiii,1,1,0,1,24.99,9-Sep-18,androidApp,10/2/2019
100094942,beli-harddisk-eksternal,Lazada Customer,5,,null,"warna sesuai pesanan, spek persis, ok dah",0,0,0,1,24.51,10 Des 2018,desktop,10/2/2019
100094942,beli-harddisk-eksternal,faesal K.,4,,null,"thanks, respon cepat Hdd Ext 2TB sampai sesuai pesanan.",0,0,0,1,24.51,12 Des 2018,androidApp,10/2/2019
100094942,beli-harddisk-eksternal,Rahmat M.,5,,null,"Original, Packing rapi.",0,0,0,1,23.51,10 Okt 2018,desktop,10/2/2019
100094942,beli-harddisk-eksternal,tetty N.,5,,null,Barang good condition and delivery ok,0,0,0,1,23.51,16-Sep-18,androidApp,10/2/2019
100094942,beli-harddisk-eksternal,Tias A.,1,,null,null,0,0,0,1,22.01,05 Des 2018,androidApp,10/2/2019
100094942,beli-harddisk-eksternal,Januar A.,5,,null,null,0,0,0,1,19.15,3-Sep-18,androidApp,10/2/2019
100094942,beli-harddisk-eksternal,Elida S.,5,,null,null,0,0,0,1,19.15,12-Jul-19,androidApp,10/2/2019
100094942,beli-harddisk-eksternal,saepudin,5,,null,null,0,0,0,1,19.01,15-Jun-19,androidApp,10/2/2019
100094942,beli-harddisk-eksternal,Lazada Customer,5,,null,mantap,0,0,0,1,19.01,9-Jun-19,androidApp,10/2/2019
100094942,beli-harddisk-eksternal,Lazada Customer,5,,null,null,0,0,0,1,19.01,15-Apr-19,androidApp,10/2/2019
100094942,beli-harddisk-eksternal,Yusuf W.,5,,null,null,0,0,0,1,18.01,11-Sep-18,mobile,10/2/2019
100094942,beli-harddisk-eksternal,Lazada Customer,5,,null,null,0,0,0,1,17.67,28-Nov-18,androidApp,10/2/2019
100094942,beli-harddisk-eksternal,yudho S.,5,,null,null,0,0,0,1,17.01,12 Des 2018,androidApp,10/2/2019
100094942,beli-harddisk-eksternal,Lazada Customer,5,,null,null,0,0,0,1,17.01,27 Des 2018,androidApp,10/2/2019
100094942,beli-harddisk-eksternal,Benivan J.,5,,null,null,0,0,0,1,17.01,9-Sep-18,androidApp,10/2/2019
100094942,beli-harddisk-eksternal,Ervan I.,5,,null,null,0,0,0,1,17.01,12 Des 2018,androidApp,10/2/2019
100094942,beli-harddisk-eksternal,Albert A.,5,,null,barang oke,0,0,0,1,17.01,19 Okt 2018,androidApp,10/2/2019
100094942,beli-harddisk-eksternal,Lazada Customer,5,,null,null,0,0,0,1,16.01,11-Nov-18,androidApp,10/2/2019
100094942,beli-harddisk-eksternal,Lazada Customer,5,,null,null,0,0,0,1,16.01,11-Nov-18,androidApp,10/2/2019
100094942,beli-harddisk-eksternal,Lazada Customer,5,,null,null,0,0,0,1,16.01,11-Nov-18,androidApp,10/2/2019
100094942,beli-harddisk-eksternal,Andhy H.,5,,null,null,0,0,0,1,16.01,26 Okt 2018,androidApp,10/2/2019
100094942,beli-harddisk-eksternal,Lazada Customer,4,,null,null,0,0,0,1,16.01,22 Okt 2018,androidApp,10/2/2019
100094942,beli-harddisk-eksternal,Arif W.,5,,null,null,0,0,0,1,16.01,26-Sep-18,androidApp,10/2/2019
100094942,beli-harddisk-eksternal,Bill L.,5,,null,null,0,0,0,1,14.99,17 Agu 2018,iosApp,10/2/2019
100094942,beli-harddisk-eksternal,Lazada Customer,5,,null,null,0,0,0,1,14.99,11 Agu 2018,androidApp,10/2/2019
100094942,beli-harddisk-eksternal,Lazada Customer,5,,null,null,0,0,0,1,14.99,12 Agu 2018,androidApp,10/2/2019
100094942,beli-harddisk-eksternal,Lazada Customer,5,,null,null,0,0,0,1,14.99,11 Agu 2018,androidApp,10/2/2019
100094942,beli-harddisk-eksternal,Lazada Customer,5,,null,null,0,0,0,1,14.99,12 Agu 2018,androidApp,10/2/2019
100094942,beli-harddisk-eksternal,Winnie K.,5,,null,null,0,0,0,1,14.99,12-Feb-18,androidApp,10/2/2019
100094942,beli-harddisk-eksternal,Herda W.,5,,null,null,0,0,0,1,14.97,16-Jul-18,androidApp,10/2/2019
100110786,beli-harddisk-eksternal,Vian B.,4,,null,"Foto produk sesuai dengan asli. Warna birunya bagus. Saya pesan, dan bayar produk ini pada tanggal 21 Oktober 2018, dan produk ini datang pada tanggal 23 Oktober 2018 dalam kondisi baik, dan berfungsi untuk Macbook Pro saya meskipun saya harus format dahulu. Saya mendapat bonus poket untuk external HDD saya ini. Mudah-mudahan produk ini awet. Terima kasih Lazada.",0,0,0,1,36.01,22 Okt 2018,iosApp,10/2/2019
100110786,beli-harddisk-eksternal,Lazada Customer,5,,null,"Packing rapi dan pengiriman tepat waktu. Sejauh ini berfungsi dengan baik, harapannya semoga awet ni barangüôè",0,0,0,1,33.01,19-Mar-19,androidApp,10/2/2019
100110786,beli-harddisk-eksternal,Deni A.,5,,null,"Barangnya bagus, kecil/compaq, dan packing baik",0,0,0,1,23.51,03 Okt 2018,iosApp,10/2/2019
100110786,beli-harddisk-eksternal,Thomas D.,5,,Western Digital WD My Passport New Design 4TB,good Product with reasonable Price,0,0,0,1,21.51,28-Feb-18,androidApp,10/2/2019
100110786,beli-harddisk-eksternal,Lazada Customer,5,,null,null,0,0,0,1,19.01,4-Mar-19,androidApp,10/2/2019
100110786,beli-harddisk-eksternal,arisp,5,,null,null,0,0,0,1,18.01,8-Sep-18,androidApp,10/2/2019
100110786,beli-harddisk-eksternal,Ahmad H.,5,,null,null,0,0,0,1,17.66,6-Nov-18,androidApp,10/2/2019
100110786,beli-harddisk-eksternal,Lazada Customer,5,,null,null,0,0,0,1,17.01,23 Des 2018,androidApp,10/2/2019
100110786,beli-harddisk-eksternal,Lazada Customer,5,,null,null,0,0,0,1,17.01,26 Des 2018,androidApp,10/2/2019
100110786,beli-harddisk-eksternal,emilham M.,5,,null,null,0,0,0,1,17.01,11 Des 2018,androidApp,10/2/2019
100110786,beli-harddisk-eksternal,Fan T.,5,,null,null,0,0,0,1,16.01,18-Sep-18,androidApp,10/2/2019
100110786,beli-harddisk-eksternal,Lazada Customer,5,,null,null,0,0,0,1,16.01,13 Agu 2018,androidApp,10/2/2019
100110786,beli-harddisk-eksternal,Lazada Customer,5,,null,null,0,0,0,1,16.01,10 Okt 2018,androidApp,10/2/2019
100110786,beli-harddisk-eksternal,Aaron,4,,null,null,0,0,0,1,16.01,20 Okt 2018,androidApp,10/2/2019
100110786,beli-harddisk-eksternal,Riky P.,5,,null,null,0,0,0,1,16.01,21-Sep-18,androidApp,10/2/2019
100110786,beli-harddisk-eksternal,njoo H.,5,,null,null,0,0,0,1,16.01,05 Okt 2018,iosApp,10/2/2019
100110786,beli-harddisk-eksternal,Lazada Customer,5,,null,null,0,0,0,1,16.01,15-Sep-18,androidApp,10/2/2019
100110786,beli-harddisk-eksternal,sanriko,5,,null,null,0,0,0,1,14.99,9-Sep-18,desktop,10/2/2019
100110786,beli-harddisk-eksternal,Lazada Customer,5,,null,null,0,0,0,1,14.99,9-Sep-18,androidApp,10/2/2019
100110786,beli-harddisk-eksternal,Suyudi S.,5,,null,null,0,0,0,1,14.99,28 Agu 2018,androidApp,10/2/2019
100110786,beli-harddisk-eksternal,Lazada Customer,5,,null,null,0,0,0,1,14.99,13 Agu 2018,androidApp,10/2/2019
100110786,beli-harddisk-eksternal,Philip D.,5,,"barang sesuai gambar,harga bersahabat",null,0,0,0,1,14.99,27-Jun-18,androidApp,10/2/2019
100111226,beli-harddisk-eksternal,Juventia D.,5,,null,null,0,0,0,1,13.76,18 Des 2017,androidApp,10/2/2019
100125285,beli-harddisk-eksternal,Indra P.,5,,Good lah...,"Packing Rapi, kualitas oke, fitur2 persis seperti deskripsi, desain keren... cuma yg kurang puas di segi kecepatan transfer hanya mentok di 9-10 Mb/s",2,2,0,1,30.41,16 Des 2016,desktop,10/2/2019
100125285,beli-harddisk-eksternal,jhonay,1,,Beda sama yg dikirimin,"Gmn nih lazada saya liat iklannya flashdisk tapi yg dikirim koq malah flashdrive,,,,mohon penjelasannya,,barang sdh saya buka.....saya br x ini kecewa",0,0,0,1,27.34,3-Apr-17,mobile-app,10/2/2019
100125285,beli-harddisk-eksternal,Eko p.,5,,Sipz,"Smua yang di ulasan bener smua apa mreka kata, kapasitas terbaca 29.5GB karena terpakai sistem, pengiriman lebih cepat dari extimasi",0,0,0,1,27.34,3-Apr-17,mobile-app,10/2/2019
100125285,beli-harddisk-eksternal,Nyoman A.,5,,Sandisk Flashdisk Cruzer Dial CZ57,"barang sdh diterima, pengirimannya cepat, data yg terbaca 29.1GB (iya karena space 32GB tdk terbaca 32GB full) terima kasih atas fast responnya, n barangnya ori.",0,0,0,1,27,10-Mar-17,desktop,10/2/2019
100125285,beli-harddisk-eksternal,Dede R.,5,,null,"Pengiriman cepet , tapi tranfer failnya lemot",0,0,0,1,26.51,6-Jul-19,androidApp,10/2/2019
100125285,beli-harddisk-eksternal,Abdul R.,4,,null,flashdisknya bagus tapi jatoh sama teman akhirnya rusak untuk mengeluarkan nya,0,0,0,1,22.49,4-Mar-17,androidApp,10/2/2019
100125285,beli-harddisk-eksternal,Lazada Customer,5,,Puas,"Cepet sampai, barang asli, bagus lah. Thanks LAZADA",0,0,0,1,21.51,7-Mar-17,desktop,10/2/2019
100125285,beli-harddisk-eksternal,Adriyansyah,5,,MANTABB,BARANG CEPAT CUMA 2 HARI GARANSI RESMI MANTABB,0,0,0,1,19.85,20-Mar-17,desktop,10/2/2019
100125285,beli-harddisk-eksternal,Hofur S.,4,,Mantab,"Cepet sampai 1 hari udah sampai,, barang bagus gk cepet panas walau di pake lama,, pokoknya mantab",0,0,0,1,19.84,6-Apr-17,mobile-app,10/2/2019
100125285,beli-harddisk-eksternal,Isnaini,5,,Bagus,Bagus. Packing rapi. Modelnya aku suka. Thanks lazada!,0,0,0,1,19.82,26-Mar-17,mobile-app,10/2/2019
100125285,beli-harddisk-eksternal,Rio S.,5,,Good,"Barang bagus, pertahankan",0,0,0,1,19.81,21-Mar-17,mobile-app,10/2/2019
100125285,beli-harddisk-eksternal,SAFAR,4,,Oke,"Barangnya sudah saya terima , kondisi sangat baik Trimakasih Lazada",0,0,0,1,19.6,5-Jan-17,mobile-app,10/2/2019
100125285,beli-harddisk-eksternal,Ega D.,4,,Oke,Produk oke dan Original by Datascrip tapi sayang kapasitas bersihnya 29GB,0,0,0,1,19.59,14 Des 2016,desktop,10/2/2019
100125285,beli-harddisk-eksternal,Meilinda H.,5,,sip,"pengiriman cepet, barang bagus, transfer data lebih cepat daripada tipe Cruzer Switch",0,0,0,1,19.5,18-Mar-17,desktop,10/2/2019
100125285,beli-harddisk-eksternal,Sayyuda F.,5,,mantapp,produk mantap sesuai deskripsi,0,0,0,1,19.5,13 Des 2016,desktop,10/2/2019
100125285,beli-harddisk-eksternal,Auliya E.,5,,null,null,0,0,0,1,19.01,11-Apr-19,androidApp,10/2/2019
100125285,beli-harddisk-eksternal,randy,4,,null,null,0,0,0,1,18.66,24 Des 2016,androidApp,10/2/2019
100125285,beli-harddisk-eksternal,Barnabas A.,5,,Bagus,null,0,0,0,1,14.01,7-Mar-17,iosApp,10/2/2019
100125285,beli-harddisk-eksternal,Lazada Customer,5,,null,null,0,0,0,1,14.01,31-Mar-17,mobile,10/2/2019
100125285,beli-harddisk-eksternal,Mujiyono,5,,"keren, kencang",null,0,0,0,1,14.01,12 Des 2016,androidApp,10/2/2019
100125285,beli-harddisk-eksternal,T_rezky,5,,null,null,0,0,0,1,13.89,23-Mar-17,androidApp,10/2/2019
100125285,beli-harddisk-eksternal,Ramadhan W.,5,,null,null,0,0,0,1,13.79,22-Mar-17,desktop,10/2/2019
100125285,beli-harddisk-eksternal,Ismail,5,,null,null,0,0,0,1,13.01,22-Mar-17,androidApp,10/2/2019
100125285,beli-harddisk-eksternal,Akbar ÔøΩ.,5,,null,null,0,0,0,1,13.01,16-Mar-17,androidApp,10/2/2019
100125285,beli-harddisk-eksternal,Iqbal Z.,5,,null,null,0,0,0,1,13.01,30-Mar-17,mobile-app,10/2/2019
100125285,beli-harddisk-eksternal,Ficky,5,,good,Good,0,0,0,1,12.5,21-Mar-17,desktop,10/2/2019
100125285,beli-harddisk-eksternal,Niken D.,5,,Lima Bintang,,0,0,0,1,12.35,2-Apr-17,mobile-app,10/2/2019
100125285,beli-harddisk-eksternal,Siti R.,5,,Lima Bintang,,0,0,0,1,12,21-Mar-17,mobile-app,10/2/2019
100125285,beli-harddisk-eksternal,Hasan B.,5,,Lima Bintang,,0,0,0,1,12,19-Jan-17,mobile-app,10/2/2019
100125294,beli-harddisk-eksternal,Lazada Customer,5,,null,produk sesuai pengiriman cepat,0,0,0,1,26.65,14-Jul-19,androidApp,10/2/2019
100125294,beli-harddisk-eksternal,David A.,5,,SANDISK,Produk Bagus,2,2,0,1,23.23,1-Apr-17,mobile,10/2/2019
100125294,beli-harddisk-eksternal,Lazada Customer,5,,qualitas barang,barang sangat bagus trimakasih,0,0,0,1,21.89,1-Mar-18,androidApp,10/2/2019
100125294,beli-harddisk-eksternal,Dwi D.,2,,Kurang puas,Barang yg dikirim tidak seperti yang di gambar,0,0,0,1,21.51,5-Mar-18,androidApp,10/2/2019
100125294,beli-harddisk-eksternal,Muhammad A.,4,,Barangnya tidak sesuai di gambar,Barang yg sampe Cruzer yg biasa tidak sesuai di gambar tapi size-nya 64GB,0,0,0,1,21.51,5-Mar-18,androidApp,10/2/2019
100125294,beli-harddisk-eksternal,Tarmudi,5,,,cukup bagus,0,0,0,1,20.51,9-Feb-17,androidApp,10/2/2019
100125294,beli-harddisk-eksternal,Nur H.,5,,null,null,0,0,0,1,17.01,05 Des 2018,androidApp,10/2/2019
100125294,beli-harddisk-eksternal,jefi m.,5,,mantap,null,0,0,0,1,15.53,27 Des 2017,androidApp,10/2/2019
100125294,beli-harddisk-eksternal,Lazada Guest,2,,Pesanan Flashdisk,Knpa prosesnya lama? Apa gagal atau sya harus pesan lagi,0,0,0,1,9.93,,mobile-app,10/2/2019
100125304,beli-harddisk-eksternal,wahid y.,1,,Barang tidak sampai,Barang saya ko gaada ya? Padahal saya ngasih alamatnya bener dan saya cek di situs jnenya alamat tujuannya kok salah? Mohon diperiksa kembali.. saya beli barang bebarengan dengan yang lain yg lainnya udh sampai tapi beli di sini gaada barangnya sampai sekarang..,0,0,0,1,27,22-Feb-17,mobile-app,10/2/2019
100125304,beli-harddisk-eksternal,Lazada Customer,3,,null,kecewa alias barang aspal ya lumayan buat isi mp3 sih banyak lagunya,0,0,0,1,24.51,30-Jan-17,androidApp,10/2/2019
100125304,beli-harddisk-eksternal,Dian k.,1,,null,"flashdisk 64gb tpi isi cm 2gb,gk bs dipakai",0,0,0,1,23.51,15 Des 2016,androidApp,10/2/2019
100125304,beli-harddisk-eksternal,Achmad M.,1,,Barang CACAT!!!,Tidak bisa berfungsi menyimpan data,2,2,0,1,22.94,9-Jan-17,mobile,10/2/2019
100125304,beli-harddisk-eksternal,Giacinta,1,,Kecewa,"Barang tidak pernah sampai yg hitam,yg putih ga bisa dipake",0,0,0,1,21.51,6-Jan-18,mobile-app,10/2/2019
100125304,beli-harddisk-eksternal,Aysa,1,,Kecewa,"Pengiriman lama, warna yang dateng putih bukan hitam",0,0,0,1,19.5,17-Jan-17,iosApp,10/2/2019
100125304,beli-harddisk-eksternal,ERNI T.,5,,null,null,0,0,0,1,19.01,23 Okt 2017,androidApp,10/2/2019
100125304,beli-harddisk-eksternal,jumari,5,,null,null,0,0,0,1,17.01,15-Sep-17,androidApp,10/2/2019
100125304,beli-harddisk-eksternal,Mengulas s.,1,,KECEWA SANGAT KECEWA,"KRN PESANAN TDK SESUAI DENGAN KIRIMANNYA ,DR WARNA SAJA SAYA PESAN HITAM DIKIRM PUTIH DAN TIDAK BISA DIPAKAI DI LABTOP ANAK SAYA . SEHARUSNYA TIDAH SEPERTI ITU YAH",0,0,0,1,17,,desktop,10/2/2019
100125304,beli-harddisk-eksternal,dwi h.,1,,Jadi KECEWA beli barang di LAZADA,,1,1,0,1,14.6,4-Jan-17,desktop,10/2/2019
100125311,beli-harddisk-eksternal,ridwan,1,,Barang rusak tdk bisa dgunakan,"Flashdisk saat dicopy file yg kebaca setengah doang, ud mana beli 2, saya tertipu pantes g garansi, hati hati untuk yg mau beli",1,1,0,1,30.51,5-Jan-18,mobile,10/2/2019
100125311,beli-harddisk-eksternal,surya a.,1,,"Bukan barang asli, produk abal-abal.","Ketika barang datang, masih di luar kota. 2 minggubkemudian baru cek barang. Dari awal muncul pertanyaan karena di pembungkusnya sendiri tulisannya toshiba kapasitas 8 GB, sedangkan di Flashdisk memang tertulis 64 GB. Setelah dicoba untuk kopi file, ternyata banyak yang failed. Dan yang berhasil dikopi ternyata juga tidak dapat dibuka. Sepertinya ini hanyalah produk gagal buatan OEM yang dibuat asal-asalan untuk dijual murah. Dan pihak toko terlanjur membeli dalam jumlah banyak kemudian berusaha menjual dengan segala cara.",0,0,0,1,28.92,3-Jan-18,androidApp,10/2/2019
100125311,beli-harddisk-eksternal,dhini m.,1,,null,rusak gk bisa dipakai üò¢ kapok,0,0,0,1,25.51,1-Feb-18,androidApp,10/2/2019
100125311,beli-harddisk-eksternal,Adha S.,1,,null,Ga bisa dipakai...,0,0,0,1,23.51,6-Apr-17,androidApp,10/2/2019
100125311,beli-harddisk-eksternal,Fernando,1,,Kurang baik,Barangnya lama sekali,0,0,0,1,20.51,16 Des 2017,mobile,10/2/2019
100125311,beli-harddisk-eksternal,Nurwanto,5,,null,null,0,0,0,1,18.01,7-Mar-18,androidApp,10/2/2019
100125311,beli-harddisk-eksternal,Muhammad B.,5,,null,null,0,0,0,1,18.01,12-Jan-18,androidApp,10/2/2019
100125311,beli-harddisk-eksternal,Sonny H.,1,,null,null,0,0,0,1,14.01,4-Jan-18,mobile,10/2/2019
100133210,beli-harddisk-eksternal,Helmy A.,1,,produk tidak sesuai gambar,"produk jauh dari yang diharapkan, sangat kecewa.",0,0,0,1,19.5,12 Des 2016,mobile-app,10/2/2019
100133210,beli-harddisk-eksternal,Niar Q.,5,,null,null,0,0,0,1,19.01,1-Jan-17,iosApp,10/2/2019
100133210,beli-harddisk-eksternal,Tri P.,3,,null,null,0,0,0,1,13.01,3-Jan-17,iosApp,10/2/2019
100139725,beli-harddisk-eksternal,Lazada Customer,1,,null,Kok dapet nya warna biru,0,0,0,1,22.49,25 Agu 2018,iosApp,10/2/2019
100139725,beli-harddisk-eksternal,ayu,5,,null,null,0,0,0,1,14.01,10-Apr-18,androidApp,10/2/2019
100154846,beli-harddisk-eksternal,aryadi,5,,bagus,"Barang diterima cepat, seller n lazada pelayanan bagus.. kemasan rapi kasih plastik tebal lagi, good.. tvnya cakep sesuai gambar n speknya, display cukuplah sesuai.. sempat ada baut casing lepas dikencangkan ternyata bisa,, recomended buat yang nyari.. :)",0,0,0,1,27.09,2-Jan-17,mobile,10/2/2019
100154846,beli-harddisk-eksternal,Lazada Customer,5,,null,null,0,0,0,1,25,25 Des 2016,androidApp,10/2/2019
100154846,beli-harddisk-eksternal,Amira R.,4,,Empat Bintang,Ini tv jg bs jadi monitor pc kan?,0,0,0,1,9.9,,mobile-app,10/2/2019
100154897,beli-harddisk-eksternal,Lazada Guest,5,,Boleh kredit bang,Boleh kredit bang,1,1,0,1,12.91,,mobile-app,10/2/2019
100169437,beli-harddisk-eksternal,Liana,5,,JOSS GANDOS,1 HARI ORDER BESOK LANGSUNG SAMPAI FAST RESPON FAST SELLER,0,0,0,1,21.51,26 Mei 2018,desktop,10/2/2019
100169437,beli-harddisk-eksternal,Liana,5,,MANTAP GAN,biar bintang yang berbicara,0,0,0,1,21.51,28 Mei 2018,desktop,10/2/2019
100169437,beli-harddisk-eksternal,Kusnadi,5,,Kwalitas super,bagus barangnya‚≠ê‚≠ê‚≠ê‚≠ê‚≠ê,0,0,0,1,21.51,10-Jun-17,androidApp,10/2/2019
100169437,beli-harddisk-eksternal,Kusnadi,5,,WD My passport 1TB,Mantab.... Reseller nya... Pengiriman cepat dan pakingan ok... Thank's... Reseller dan lazada... Sukses selalu.... Buat reseller dan lazada....,0,0,0,1,17.56,,mobile-app,10/2/2019
100169437,beli-harddisk-eksternal,Chandra,5,,Sesuai deskripsi semoga awet selalu terima kasih,null,0,0,0,1,14.01,26 Mei 2018,desktop,10/2/2019
100169437,beli-harddisk-eksternal,Hendra C.,5,,"SAMPAI CEPAT BARANG MANTAP, RECOMENDED SELLER",null,0,0,0,1,14.01,26 Mei 2018,desktop,10/2/2019
100183475,beli-harddisk-eksternal,Lazada Customer,5,,"packing dan barangnya Ok, namun bonus pouch kekecilan","packing dan barangnya Ok, namun bonus pouch ukurannya terlalu kecil untuk tempat hardisk nya",0,0,0,1,21.51,26-Apr-18,androidApp,10/2/2019
100183475,beli-harddisk-eksternal,Lazada Customer,5,,null,null,0,0,0,1,17.01,19 Des 2018,androidApp,10/2/2019
100183475,beli-harddisk-eksternal,Lazada Customer,5,,null,null,0,0,0,1,17,18 Des 2018,androidApp,10/2/2019
100183475,beli-harddisk-eksternal,Lazada Customer,5,,null,null,0,0,0,1,17,18 Des 2018,androidApp,10/2/2019
100183475,beli-harddisk-eksternal,agung s.,5,,null,null,0,0,0,1,13.79,29-Jan-18,iosApp,10/2/2019
100184344,beli-harddisk-eksternal,Wisnu V.,2,,Remote ada tombol yang tidak fungsi,"Pengiriman cepat. Kualitas gambar bagus, terutama kualitas suaranya oke. DVB T2 berfungsi baik. Cuma remote ada yg error. Tombol source tidak fungsi, jd kalau mau ganti ke usb, hdmi atau lainnya mesti pencet tombol fisik di tvnya. Sudah minta ganti ke seller, malah disuruh contact Aquanya. Kata Aqua kalau remote rusak dan baru beli bisa minta ganti ke tokonya. Ribet deh dipingpong...üò§",0,0,0,1,29.01,1-Apr-18,androidApp,10/2/2019
100184344,beli-harddisk-eksternal,Sindar J.,3,,Tiga Bintang,,4,4,0,1,7.24,,androidApp,10/2/2019
100191938,beli-harddisk-eksternal,Desy N.,3,,Tanya dulu,Ini layar sentuh bukan yah?,158,158,3,1,19.67,,mobile-app,10/2/2019
100191938,beli-harddisk-eksternal,juliyana,1,,Komplen,Saya pesan uang sdah d transfer tapi barng tdk sampai,36,36,0,1,18.77,,mobile-app,10/2/2019
100191938,beli-harddisk-eksternal,Haji A.,5,,Di order ya Gan/sist.,"Bagi Yang Minat Order/Pesan Barang Kami,Silahkan Add WhatsApp/WA.085200343400..Langsung Dari Reseller Toko..Terimah Kasih.",0,0,0,1,18.14,,androidApp,10/2/2019
100191938,beli-harddisk-eksternal,Haji A.,5,,Lima Bintang,"Bagi Yang Minat Order/Pesan Barang Kami,Silahkan Add WhatsApp/WA.085200343400..Langsung Dari Reseller Toko..Terimah Kasih.",0,0,0,1,17.98,,androidApp,10/2/2019
100191938,beli-harddisk-eksternal,lazada.co.id,5,,Lima Bintang,"Hi. Sist/Gan, Stocknya.. Masih Ready.? INFORMASI PRODUK KAMI.! Silahkan chat +add: WhatsApp : 0852-5468-9727 ‚àö‚óé Respon cepat, Aman & Terpercaya. ‚àö‚óé Pengiriman VIA : JNE & TIKI. ,?SELLER Resmi LAZADA.! Terima Kasih.",0,0,0,1,17.91,,androidApp,10/2/2019
100191938,beli-harddisk-eksternal,Kalina,5,,Lima Bintang,"Untuk info buat pelanggan setia kami di karenakan lazada slow respon cepat aman dan terpercaya,kami buka orderan pemesanan beli 1 garatis 1 melalui via whatsapp/wa:085250720044",0,0,0,1,17.91,,androidApp,10/2/2019
100191938,beli-harddisk-eksternal,Haji A.,5,,Lima Bintang,"Bagi Yang Minat Order/Pesan Barang Kami,Silahkan Add WhatsApp/WA.085200343400..Langsung Dari Reseller Toko..Terimah Kasih.",0,0,0,1,17.9,,androidApp,10/2/2019
100191938,beli-harddisk-eksternal,Haji A.,5,,Lima Bintang,"Bagi Yang Minat Order/Pesan Barang Kami, Untuk Lebih Memastikan Silahkan Add WhatsApp/WA 085200343400..Langsung Dari Reseller Toko..Terimah Kasih.",0,0,0,1,17.81,,androidApp,10/2/2019
100191938,beli-harddisk-eksternal,Haji A.,5,,Lima Bintang,"Bagi Yang Minat Order/Pesan Barang Kami, Untuk Lebih Memastikan Silahkan Add WhatsApp/WA 085200343400..Langsung Dari Reseller Toko..Terimah Kasih.",0,0,0,1,17.8,,androidApp,10/2/2019
100191938,beli-harddisk-eksternal,Haji A.,5,,Lima Bintang,"Bagi Yang Minat Order/Pesan Barang Kami, Untuk Lebih Memastikan Silahkan Add WhatsApp/WA 085200343400..Langsung Dari Reseller Toko..Terimah Kasih.",0,0,0,1,17.79,,androidApp,10/2/2019
100191938,beli-harddisk-eksternal,Haji A.,5,,Lima Bintang,"Bagi Yang Minat Order/Pesan Barang Kami, Untuk Lebih Memastikan Silahkan Add WhatsApp/WA 085200343400..Langsung Dari Reseller Toko..Terimah Kasih.",0,0,0,1,17.72,,androidApp,10/2/2019
100191938,beli-harddisk-eksternal,Lazada Guest,1,,Klu cicilan,Klu cicilan gmn cranya yah,9,9,0,1,16.32,,mobile-app,10/2/2019
100191938,beli-harddisk-eksternal,Lazada Guest,4,,Bisa kredit?,Saya dari Sumba Timur-Waingapu...,3,3,1,1,15.29,,mobile-app,10/2/2019
100191938,beli-harddisk-eksternal,Lazada Guest,5,,Cara cicilan nya,Cara.. Kredit nya bagaimana,80,80,0,1,15.11,,mobile-app,10/2/2019
100191938,beli-harddisk-eksternal,Lazada Guest,3,,Bisa di cicil gk,Bisa di cicil gak,12,12,0,1,14.93,,mobile-app,10/2/2019
100191938,beli-harddisk-eksternal,Lazada Guest,5,,Bagussa,Laptop nya bagus,26,26,0,1,14.86,,mobile-app,10/2/2019
100191938,beli-harddisk-eksternal,zalwa,5,,null,null,0,0,0,1,14.01,25 Agu 2017,androidApp,10/2/2019
100191938,beli-harddisk-eksternal,Lazada Guest,1,,Kesal,Tidak bisa di kurangi ya biar jadi 1.000000,7,7,2,1,13.65,,mobile-app,10/2/2019
100191938,beli-harddisk-eksternal,Ad,3,,Layar,Ini berapa inci ya layarnya,0,0,0,1,12.4,,androidApp,10/2/2019
100191938,beli-harddisk-eksternal,Lazada Guest,1,,?,Ini bayar di tempat apa tidak?,0,0,0,1,12,,mobile-app,10/2/2019
100191938,beli-harddisk-eksternal,Lazada Guest,3,,Bayar di tempat bisa?,Bayar ditempat?,0,0,0,1,11.64,,androidApp,10/2/2019
100191938,beli-harddisk-eksternal,Lazada Guest,1,,Mau cicil,Caranya gmn ya,0,0,0,1,10.94,,mobile-app,10/2/2019
100191938,beli-harddisk-eksternal,Lazada Guest,4,,https://shopee.co.id/griyamainan/43877577/,Rizi,0,0,0,1,2.7,,mobile-app,10/2/2019
100191956,beli-harddisk-eksternal,Eko S.,5,,null,null,0,0,0,1,14.01,8-Feb-17,androidApp,10/2/2019
100192021,beli-harddisk-eksternal,joko b.,1,,kecewa..,"Ditulis khusus jabodetabek,tp tersedia diwilyah lampung... dibeli tp dicancel krn diluar daerah. Klo gk bisa harusnya dtulis tdk tersedia diwil.anda..",6,6,0,1,31.29,7-Feb-17,mobile,10/2/2019
100192021,beli-harddisk-eksternal,Nursih H.,3,,Mau keredit,Gmana caranya klw mau ikut kredit di lazada...??,5,5,0,1,14.38,,mobile-app,10/2/2019
100192021,beli-harddisk-eksternal,Yulia,1,,Blitar,Bisa kiri. Ke kota blitar tidak?!,1,1,0,1,12.48,,androidApp,10/2/2019
100192021,beli-harddisk-eksternal,Lazada Guest,2,,Klw d kirim k karawang bisa gak,Klw.di kirim k karawang bisa gak?,0,0,0,1,9.92,,mobile-app,10/2/2019
100198730,beli-harddisk-eksternal,Fitra R.,2,,Dua Bintang,Gambarnya tidak keliatan,0,0,0,1,9.5,,mobile-app,10/2/2019
100213091,beli-harddisk-eksternal,Putu R.,5,,null,null,0,0,0,1,14.01,22 Mei 2018,androidApp,10/2/2019
100213091,beli-harddisk-eksternal,Lazada Customer,5,,null,null,0,0,0,1,13.01,20-Sep-17,mobile-app,10/2/2019
100216044,beli-harddisk-eksternal,Lazada Customer,5,,null,"Terimakasih, barang nya memuaskan semoga awet juga",0,0,0,1,53.75,24-Sep-19,androidApp,10/2/2019
100216044,beli-harddisk-eksternal,Sutan,5,,null,null,3,3,0,1,21.76,6-Jan-19,androidApp,10/2/2019
100216044,beli-harddisk-eksternal,Paris S.,5,,null,null,1,1,0,1,20.51,30-Mar-19,androidApp,10/2/2019
100216044,beli-harddisk-eksternal,Suwito W.,5,,null,null,0,0,0,1,19.58,27-Jul-19,androidApp,10/2/2019
100216044,beli-harddisk-eksternal,Santi D.,5,,null,Mantuulll,0,0,0,1,18,27-Mar-19,mobile,10/2/2019
100216044,beli-harddisk-eksternal,Lazada Customer,5,,null,null,0,0,0,1,17.01,26-Jan-19,androidApp,10/2/2019
100216044,beli-harddisk-eksternal,Aliks A.,4,,null,null,0,0,0,1,17.01,12 Des 2018,androidApp,10/2/2019
100235496,beli-harddisk-eksternal,Viqri H.,5,,null,"Makasih gan,tapi produk nya saya mesen yang 16GB dateng nya mlh yang 32GB,mungkin slh masukin produk",0,0,0,1,41.5,29 Agu 2019,androidApp,10/2/2019
100235496,beli-harddisk-eksternal,VIDIFFA F.,5,,null,null,0,0,0,1,19.01,15-Jun-19,androidApp,10/2/2019
100235739,beli-harddisk-eksternal,Lazada Customer,5,,null,alhamdulillah ....puas.wlau pengirimannya hmpr mlm...tpi semuanya ok.,0,0,0,1,37.83,22-Sep-19,androidApp,10/2/2019
100235739,beli-harddisk-eksternal,Mujari,5,,null,"Barangnya bagus,suara dan gambar jernih mudah mudahan awet,pengepakanya rapi,datang tepat waktu,kurirnya juga ramah.makasih Lazadd",0,0,0,1,33.01,15-Feb-19,androidApp,10/2/2019
100235739,beli-harddisk-eksternal,Salman A.,5,,"tv led sharp 24""","Barang cukup memuaskan, seller responsif,packing aman karena dari kayu yah.. tpi pengirimannya agak sedikit lama, tpi its ok, yang penting barang sudah sampai",2,2,0,1,32.34,6-Mar-18,androidApp,10/2/2019
100235739,beli-harddisk-eksternal,Herdy S.,5,,SANGAT MEMUASKAN!!!,"Packing rapih dan aman banget barangnya, pengiriman cepat (hari ini order, besok langsung dateng). Pokonya seller recommended, dari segi harga juga bersaing. :) ;) :D",0,0,0,1,29.99,21-Jul-18,desktop,10/2/2019
100235739,beli-harddisk-eksternal,Herman N.,1,,null,"TV nya sudah datang alhamdulillah, amin.",0,0,1,1,29.51,12 Des 2018,androidApp,10/2/2019
100235739,beli-harddisk-eksternal,Martha P.,5,,,produknya sesuai dgn gambar... puas bgt,12,12,0,1,27.31,20-Feb-17,mobile,10/2/2019
100235739,beli-harddisk-eksternal,Zelly Y.,5,,null,null,0,0,0,1,25.67,25 Agu 2019,androidApp,10/2/2019
100235739,beli-harddisk-eksternal,Lazada Customer,5,,null,null,0,0,0,1,25,25-Sep-19,androidApp,10/2/2019
100235739,beli-harddisk-eksternal,maudi S.,5,,null,"tv,a bagus bngt, layar,a jga jernih bngt",0,0,0,1,24.51,13 Des 2018,androidApp,10/2/2019
100235739,beli-harddisk-eksternal,Lazada Customer,5,,null,null,0,0,0,1,24.01,29-Jun-19,androidApp,10/2/2019
100235739,beli-harddisk-eksternal,asyifa S.,5,,null,null,0,0,0,1,24.01,25-Jun-19,androidApp,10/2/2019
100235739,beli-harddisk-eksternal,Silvinurul,5,,null,null,0,0,0,1,24.01,15-Jun-19,androidApp,10/2/2019
100235739,beli-harddisk-eksternal,Myda S.,5,,produk bagus,"puas sama.produknya, bagus n berkualitas",0,0,0,1,21.51,30 Mei 2018,androidApp,10/2/2019
100235739,beli-harddisk-eksternal,Dzakira A.,5,,null,null,0,0,0,1,19.58,06 Agu 2019,androidApp,10/2/2019
100235739,beli-harddisk-eksternal,Lazada Customer,5,,null,null,0,0,0,1,19.58,15-Jul-19,androidApp,10/2/2019
100235739,beli-harddisk-eksternal,Diki R.,5,,null,null,0,0,0,1,19.01,11 Mei 2019,androidApp,10/2/2019
100235739,beli-harddisk-eksternal,Yuni L.,5,,null,null,0,0,0,1,18.01,14 Des 2018,androidApp,10/2/2019
100235739,beli-harddisk-eksternal,siti K.,5,,null,good job,0,0,0,1,18.01,18-Feb-19,androidApp,10/2/2019
